id,name,category,subcategory
1,The Jungle Book,Books,Children Book
2,Arabian Nights,Books,Children Book
3,The Adventures of Pinocchio,Books,Children Book
4,Angels & Demons,Books,Mystery
5,In Cold Blood,Books,Mystery
6,Robinson Crusoe,Books,Children Book
7,Black Beauty,Books,Children Book
8,Shutter Island,Books,Mystery
9,Hans Brinker or the Silver Skates,Books,Children Book
10,The Firm,Books,Mystery
11,The Wonderful Wizard of Oz,Books,Children Book
12,Mystic River,Books,Mystery
13,Black Beauty,Books,Children Book
14,Ralph of the Roundhouse,Books,Children Book
15,The Maltese Falcon,Books,Mystery
16,The Blue Fairy Book,Books,Children Book
17,Moonfleet,Books,Children Book
18,The Thirteenth Tale,Books,Mystery
19,The Zombie Room,Books,Mystery
20,Explorers of the Dawn,Books,Children Book
